Year,Month,Z100.0mm_mean,Z200.0mm_mean,Z300.0mm_mean,Z400.0mm_mean,ΔPrThroughfall_sum,ΔQ_sum,ΔSink_sum,ΔRunoff_sum
1,1,0.21140940791289306,0.20956103800143647,0.20653308478727722,0.2014654138446166,70.9124147739345,9.942665725334813,0.0,0.0
