Year,Month,Z100.0mm_mean,Z200.0mm_mean,Z300.0mm_mean,Z400.0mm_mean,ΔPrThroughfall_sum,ΔQ_sum,ΔSink_sum,ΔRunoff_sum
1,1,0.5744883136234418,0.5694836062692876,0.5612858195052871,0.5475667637374851,70.90241154088251,10.086322448919006,0.0,0.0
