Year,Month,Z100.0mm_mean,Z200.0mm_mean,Z300.0mm_mean,Z400.0mm_mean,ΔPrThroughfall_sum,ΔQ_sum,ΔSink_sum,ΔRunoff_sum
1,1,0.5744820867198183,0.5694593423952079,0.5612312086610796,0.5474603637081973,70.9124147739345,9.942665725334813,0.0,0.0
