WaterYear,ΔPrThroughfall_sum,ΔQ_sum,ΔSink_sum
0,70.90241154088251,10.086322448919006,0.0
