WaterYear,ΔPrThroughfall_sum,ΔQ_sum,ΔSink_sum
0,70.9124147739345,9.942665725334813,0.0
