WaterYear,ΔPr_sum,ΔQ_sum,ΔSink_sum
0,70.90848779964857,10.072362459353121,0.0
