Year,Month,Z100.0mm_mean,Z200.0mm_mean,Z300.0mm_mean,Z400.0mm_mean,ΔPrThroughfall_sum,ΔQ_sum,ΔSink_sum,ΔRunoff_sum
1,1,0.21141169941342655,0.2095699671070979,0.20655318157794564,0.20150456905539457,70.90241154088251,10.086322448919006,0.0,0.0
