SiteName,Multisteps,Wof[mm],NseBest[-],Ccc[-],Wilmot[-],∑ΔSink[mm],∑ΔQ_Bot[mm],SwcRoots[mm],Global_WaterBalance[mm],Global_WaterBalance_NormPr[-],ΔT_Average[second],iNonConverge[count],Efficiency[count/Hour],ΔRunTimeHypix[second]
TC1,1,0.0,-86.6331108290329,-8.556926576760819e-5,-0.345600621282861,0.0,1.2561378328127333e-5,0.9896747131039146,-10.714856066002454,101.76759575280998,832.0,166.0,806.0,81.962
TC2,2,0.0,-92.21570460644894,2.1797404591506553e-5,-0.339508171604875,0.0,2.3642676236845517e-5,0.9856645912407624,-6.788854664598525,107.25163711507399,1227.0,90.0,498.0,204.109
TC3,3,0.0,0.9935057156845825,0.937508733678849,0.9651860309570008,0.0,24.826319373004736,3.846031165780035,-0.7104181423633029,0.8862081283186364,5390.0,0.0,18.0,227.133
TC4,4,0.0,0.0,0.0,0.0,0.0,0.0,0.0,0.0,0.0,0.0,0.0,0.0,0.0
TC5,5,0.0,0.0,0.0,0.0,0.0,0.0,0.0,0.0,0.0,0.0,0.0,0.0,0.0
