SiteName,Multisteps,Wof[mm],NseBest[-],Ccc[-],Wilmot[-],∑ΔSink[mm],∑ΔQ_Bot[mm],SwcRoots[mm],Global_WaterBalance[mm],Global_WaterBalance_NormPr[-],ΔT_Average[second],iNonConverge[count],Efficiency[count/Hour],ΔRunTimeHypix[second]
TC1,1,0.0,0.9022036735235709,0.942963167975972,0.9148326293219236,0.0,10.096652019494853,2.1205098777676183,-1.8433576379761618e-5,2.5190874401707817e-5,4932.0,1.0,38.0,8.932
TC2,2,0.0,0.9364621257904999,0.9605611006031683,0.924693373169513,0.0,3.793111372136099,2.120516961053539,2.8007638721572192e-6,3.878129900916109e-6,4878.0,0.0,35.0,13.64
TC3,3,0.0,0.9934926875280189,0.9382639666001387,0.9651569418664451,0.0,25.53807650318615,3.8460351010604428,-1.1914056286532748e-5,1.4882554966619635e-5,5396.0,0.0,2.0,16.921
TC4,4,0.0,0.9275700177106158,0.8403360935469891,0.890000786621565,0.0,484.5601776878175,1.6884968169356296,5.535679519572123e-5,1.0659185394630804e-5,5392.0,0.0,2.0,19.811
TC5,5,0.0,0.9657109022012231,0.9642544260186615,0.9336956587025771,0.0,1.0368129659126679e-8,2.6346349847213273,-7.675166884046902e-6,3.2046118016689135e-6,5083.0,0.0,9.0,26.195
