SiteName,Multisteps,Wof[mm],NseBest[-],Ccc[-],Wilmot[-],∑ΔSink[mm],∑ΔQ_Bot[mm],SwcRoots[mm],Global_WaterBalance[mm],Global_WaterBalance_NormPr[-],ΔT_Average[second],iNonConverge[count],Efficiency[count/Hour],ΔRunTimeHypix[second]
TC1,1,0.0,0.9018952361784197,0.942950499580325,0.9147376412872794,0.0,10.07365145118192,2.1205096977315208,-0.0008934844613188719,0.0012563991975852158,4998.0,1.0,17.0,11.464
TC2,2,0.0,0.9351097736143152,0.9602281201121932,0.9238534120428687,0.0,3.761618512863709,2.1205164249880837,6.894031914228549e-7,9.676077783243655e-7,4820.0,0.0,12.0,18.247
TC3,3,0.0,0.9934928870822596,0.9382636874003518,0.9651573901660327,0.0,25.5334831439925,3.8460350868944055,-0.004239296001307458,0.005295554546358446,5396.0,0.0,2.0,33.077
TC4,4,0.0,0.9275699865000515,0.8403359963934921,0.8900007508117194,0.0,484.5601358978511,1.6884968169016343,3.520306364968029e-6,6.778499018489681e-7,5392.0,0.0,2.0,48.673
TC5,5,0.0,0.9657146309662552,0.9642587626714016,0.9336980389543531,0.0,0.0,2.6346552521580295,4.2297720881379064e-11,1.766056394114809e-11,5185.0,0.0,8.0,59.908
