SiteName,Multisteps,Wof[mm],NseBest[-],Ccc[-],Wilmot[-],∑ΔSink[mm],∑ΔQ_Bot[mm],SwcRoots[mm],Global_WaterBalance[mm],Global_WaterBalance_NormPr[-],ΔT_Average[second],iNonConverge[count],Efficiency[count/Hour],ΔRunTimeHypix[second]
TC1,1,0.0,0.9051686730816891,0.9442591304213793,0.9162059544152836,0.0,10.30488908518839,2.1205095329578345,-0.0008722562478682416,0.0012289527531744817,4989.0,1.0,19.0,8.863
TC2,2,0.0,0.9376270685534377,0.961344119220646,0.9250645642313124,0.0,3.8163317426549117,2.1205165948310936,0.00042294323284486346,0.0005913272073538822,4836.0,0.0,14.0,15.36
TC3,3,0.0,0.9934957029595306,0.9382187886564703,0.9651650410130048,0.0,25.534457804671764,3.846035020401799,-0.004490446310970508,0.005609281226468997,5396.0,0.0,2.0,18.735
TC4,4,0.0,0.9279449334876367,0.8412120616171919,0.8902880929917241,0.0,484.5953412988814,1.68830575361216,0.008780023559540717,0.0016906307267152737,5392.0,0.0,2.0,21.97
TC5,5,0.0,0.9657474946781334,0.9642913840513303,0.9338339576277044,0.0,1.0368131221462537e-8,2.634529428015395,-0.0026047862577962544,0.0010875760293995135,5108.0,0.0,9.0,29.542
