SiteName,Multisteps,Wof[mm],NseBest[-],Ccc[-],Wilmot[-],∑ΔSink[mm],∑ΔQ_Bot[mm],SwcRoots[mm],Global_WaterBalance[mm],Global_WaterBalance_NormPr[-],ΔT_Average[second],iNonConverge[count],Efficiency[count/Hour],ΔRunTimeHypix[second]
TC1,1,0.0,0.9051266604487666,0.9441491487501652,0.9162213677280445,0.0,10.304720453765611,2.1205095894714705,-1.3549122975131667e-5,1.8627448839882663e-5,4907.0,1.0,21.0,9.46
TC2,2,0.0,0.9376451738073758,0.9613036645324554,0.9251202501537956,0.0,3.808904539377857,2.12051662968988,-6.904106044425262e-5,9.581532812937284e-5,4867.0,0.0,19.0,15.997
TC3,3,0.0,0.993495486051943,0.9382190920112136,0.9651645638100075,0.0,25.539327768123837,3.846035035729419,-1.2719487831880372e-5,1.588866212954187e-5,5396.0,0.0,2.0,20.494
TC4,4,0.0,0.927941128182344,0.8412063181124207,0.8902851583176723,0.0,484.59635078377994,1.688305753641472,0.009471659862750947,0.0018238082265237304,5392.0,0.0,2.0,25.483
TC5,5,0.0,0.9657492698795895,0.9642905149986261,0.933836072472831,0.0,1.0368131221838577e-8,2.6345741458147813,-0.0013352950636833505,0.0005575255547506923,4985.0,0.0,11.0,36.678
