SiteName,Multisteps,Wof[mm],NseBest[-],Ccc[-],Wilmot[-],∑ΔSink[mm],∑ΔQ_Bot[mm],SwcRoots[mm],Global_WaterBalance[mm],Global_WaterBalance_NormPr[-],ΔT_Average[second],iNonConverge[count],Efficiency[count/Hour],ΔRunTimeHypix[second]
TC1,1,0.0,0.9051647783562659,0.9442575093183314,0.9162048327060398,0.0,10.30380962274907,2.1205095311165563,-0.001254283173707904,0.0017672113197250638,4989.0,1.0,31.0,8.77
TC2,2,0.0,0.9390994131271314,0.961819038833986,0.9258765267788985,0.0,3.880252509840446,2.1205170555168458,0.0007954449068054981,0.001118994272059575,4812.0,1.0,31.0,14.913
TC3,3,0.0,0.0,0.0,0.0,0.0,0.0,0.0,0.0,0.0,0.0,0.0,0.0,0.0
TC4,4,0.0,0.0,0.0,0.0,0.0,0.0,0.0,0.0,0.0,0.0,0.0,0.0,0.0
TC5,5,0.0,0.0,0.0,0.0,0.0,0.0,0.0,0.0,0.0,0.0,0.0,0.0,0.0
