SiteName,Multisteps,Wof[mm],NseBest[-],Ccc[-],Wilmot[-],∑ΔSink[mm],∑ΔQ_Bot[mm],SwcRoots[mm],Global_WaterBalance[mm],Global_WaterBalance_NormPr[-],ΔT_Average[second],iNonConverge[count],Efficiency[count/Hour],ΔRunTimeHypix[second]
TC1,1,0.0,0.9066827461334408,0.9444239819538983,0.9168628925076532,0.0,10.412134077721845,2.1205094677969645,-4.170906540457153e-5,5.735211382001416e-5,4906.0,1.0,20.0,10.079
TC2,2,0.0,0.9378174713306549,0.9613887577663667,0.9251516448892884,0.0,3.8334001487388143,2.120516604634389,1.1107515901720433e-5,1.5055834691119771e-5,4966.0,0.0,17.0,16.253
TC3,3,0.0,0.9934954779799569,0.9382024061307761,0.965164174545065,0.0,25.539522820174017,3.8460350328445605,-1.2043299051023304e-5,1.5043994804045748e-5,5396.0,0.0,2.0,20.795
TC4,4,0.0,0.9279404602758609,0.8412026347507854,0.8902794690808898,0.0,484.5923995162954,1.6883057530817578,0.003134387958849849,0.0006035396780820391,5392.0,0.0,2.0,24.758
TC5,5,0.0,0.9657559614534493,0.9642924972903851,0.9338434696593754,0.0,1.036813028879101e-8,2.6346672846235086,0.0005136127185578765,0.00021444866336918592,4938.0,0.0,12.0,36.184
