SiteName,Multisteps,Wof[mm],NseBest[-],Ccc[-],Wilmot[-],∑ΔSink[mm],∑ΔQ_Bot[mm],SwcRoots[mm],Global_WaterBalance[mm],Global_WaterBalance_NormPr[-],ΔT_Average[second],iNonConverge[count],Efficiency[count/Hour],ΔRunTimeHypix[second]
TC1,1,0.0,0.9024389986693744,0.9430458557412023,0.914947461958975,0.0,10.098948395944047,2.12051007612333,-2.597874968102154e-5,3.637472084574325e-5,4832.0,1.0,40.0,16.016
TC2,2,0.0,0.937086320505529,0.9605176018712911,0.9250536740058771,0.0,3.8224088276234207,2.1205170462902685,-6.946818886799377e-7,9.417255068288247e-7,4970.0,0.0,51.0,30.938
TC3,3,0.0,0.9934926879029021,0.9382639673619302,0.965156942925939,0.0,25.53807661375166,3.846035101058055,-1.1913974528598992e-5,1.4882447928969614e-5,5396.0,0.0,2.0,39.01
TC4,4,0.0,0.9275700177107865,0.8403360935474201,0.89000078662169,0.0,484.5601776877722,1.6884968169356296,5.535679584872666e-5,1.0659185520369763e-5,5392.0,0.0,2.0,46.286
TC5,5,0.0,0.9657114031747215,0.9642548824617643,0.9336956311978972,0.0,1.0368129660212916e-8,2.634625300431928,-7.678277517131349e-6,3.205910583710502e-6,5083.0,0.0,9.0,64.069
