Multisteps,Wof[mm],NseBest[-],Ccc[-],Wilmot[-],∑ΔSink[mm],∑ΔQ_Bot[mm],SwcRoots[mm],Global_WaterBalance[mm],Global_WaterBalance_NormPr[-],ΔT_Average[second],iNonConverge[count],Efficiency[count/Hour],ΔRunTimeHypix[second]
1.0,0.0,0.9015510585643477,0.942612672593407,0.9146235785271025,0.0,10.086322449158594,2.120509947273535,-0.0019115770565032442,0.0026670748345576805,4846.0,1.0,458.0,12.566
2.0,0.0,0.9359140460538314,0.9602709112538176,0.9243862691354142,0.0,3.794320997225027,2.120516995324046,7.625407451672395e-5,0.00010716674405431311,4816.0,0.0,344.0,21.065
3.0,0.0,0.9934928892576284,0.9382636917795272,0.965157396306787,0.0,25.565749961504853,3.846035086879565,0.0280269079326122,0.03500999623288568,5396.0,0.0,33.0,24.81
4.0,0.0,0.9275699865000515,0.8403359963934921,0.8900007508117194,0.0,484.5511910813879,1.6884968169016343,-0.008941296156848133,0.0017216844484434827,5392.0,0.0,30.0,28.025
5.0,0.0,0.9657126767932301,0.9642556555886824,0.9336966447586118,0.0,0.0,2.6346387955456563,4.228417616047864e-11,1.7654892148817924e-11,5058.0,0.0,204.0,36.304
