SiteName,Multisteps,Wof[mm],NseBest[-],Ccc[-],Wilmot[-],∑ΔSink[mm],∑ΔQ_Bot[mm],SwcRoots[mm],Global_WaterBalance[mm],Global_WaterBalance_NormPr[-],ΔT_Average[second],iNonConverge[count],Efficiency[count/Hour],ΔRunTimeHypix[second]
TC1,1,0.0,0.9018952367195315,0.9429504996147456,0.9147376417088813,0.0,10.072362459415597,2.1205096977309306,-0.0021824979253248777,0.003068983021921121,4998.0,1.0,17.0,41.146
TC2,2,0.0,0.9351097742101072,0.9602281206591242,0.9238534131663565,0.0,3.7616752525738715,2.120516424991436,5.874645424785996e-5,8.245323891132389e-5,4820.0,0.0,12.0,135.817
TC3,3,0.0,0.993492887079599,0.9382636873949959,0.9651573901585226,0.0,25.5657493389209,3.8460350868944237,0.028026899676646955,0.03501005268388282,5396.0,0.0,2.0,139.797
TC4,4,0.0,0.9275699865000515,0.8403359963934921,0.8900007508117194,0.0,484.5511910813879,1.6884968169016343,-0.008941296156848133,0.0017216844484434827,5392.0,0.0,2.0,143.039
TC5,5,0.0,0.9657114412723967,0.9642552567376969,0.9336960848383825,0.0,0.0,2.6346353689568036,3.856759356324346e-11,1.6103124187180696e-11,5108.0,0.0,9.0,149.347
