Year,Month,Z100.0mm_mean,Z200.0mm_mean,Z300.0mm_mean,Z400.0mm_mean,ΔPrThroughfall_sum,ΔQ_sum,ΔSink_sum,ΔRunoff_sum
1,1,0.3814982607559862,0.3799996230911351,0.37809118358936594,0.3758573747737018,79.92000000000164,25.441461572607466,0.0,0.0
