WaterYear,ΔPrThroughfall_sum,ΔQ_sum,ΔSink_sum
0,79.92000000000388,25.441507000684826,0.0
