WaterYear,ΔPrThroughfall_sum,ΔQ_sum,ΔSink_sum
0,79.92000000000164,25.441461572607466,0.0
