WaterYear,ΔPrThroughfall_sum,ΔQ_sum,ΔSink_sum
0,79.92000000000243,25.441462479248386,0.0
