Year,Month,Z100.0mm_mean,Z200.0mm_mean,Z300.0mm_mean,Z400.0mm_mean,ΔPrThroughfall_sum,ΔQ_sum,ΔSink_sum,ΔRunoff_sum
1,1,0.3814982422436228,0.3799995917008686,0.37809113840072617,0.37585732587616927,79.92000000000388,25.441507000684826,0.0,0.0
