WaterYear,ΔPr_sum,ΔQ_sum,ΔSink_sum
0,79.91999999999662,25.441461535083235,0.0
