MonthlyCombine,Z100.0mm_mean,Z200.0mm_mean,Z300.0mm_mean,Z400.0mm_mean,ΔPrThroughfall_sum,ΔQ_sum,ΔSink_sum,ΔRunoff_sum,Year,Month
1_Month_1_3,0.9304835632714313,0.9268283496682623,0.9221736193497769,0.9167253051457791,79.92000000000243,25.441462479248386,0.0,0.0,1,1
