WaterYear,ΔPrThroughfall_sum,ΔQ_sum,ΔSink_sum
0,498.96000000001,464.97313541665835,0.0
