Year,Month,Z100.0mm_mean,Z200.0mm_mean,Z300.0mm_mean,Z400.0mm_mean,ΔPrThroughfall_sum,ΔQ_sum,ΔSink_sum,ΔRunoff_sum
1,1,0.17344030920021178,0.1885896527350927,0.20832859097764148,0.2332005590650363,498.9599999999841,464.9736086624873,0.0,0.0
