WaterYear,ΔPrThroughfall_sum,ΔQ_sum,ΔSink_sum
0,498.9599999999841,464.9734360030304,0.0
