Year,Month,Z100.0mm_mean,Z200.0mm_mean,Z300.0mm_mean,Z400.0mm_mean,ΔPrThroughfall_sum,ΔQ_sum,ΔSink_sum,ΔRunoff_sum
1,1,0.4738806262300868,0.5152722752324939,0.5692038004853591,0.6371599974454545,498.9599999999841,464.9736086624873,0.0,0.0
