iD,Year,Month,Day,Hour,Minute,Second,ΔPrGross[mm],ΔPrSoil[mm],ΔPet[mm],ΔSink[mm],ΔTranspiration[mm],ΔEvaporation[mm],ΔRecharge[mm],Hpond[mm],ΔRunoff[mm],∑WaterBalance_η[mm]
1.0,1.0,1.0,5.0,0.0,0.0,0.0,0.0,0.0,0.0,0.0,0.0,0.0,0.0,0.0,0.0,1.714985114990353e-17
2.0,1.0,1.0,6.0,0.0,0.0,0.0,19.958400000000907,19.958400000000722,0.0,0.0,0.0,0.0,0.0,0.0,0.0,4.890450412401668e-14
3.0,1.0,1.0,7.0,0.0,0.0,0.0,19.95839999999781,19.95839999999879,0.0,0.0,0.0,0.0,0.0,0.0,0.0,3.6949547494774646e-13
4.0,1.0,1.0,8.0,0.0,0.0,0.0,19.958400000000168,19.958399999997212,0.0,0.0,0.0,0.0,0.0,0.0,0.0,7.70986256384041e-13
5.0,1.0,1.0,9.0,0.0,0.0,0.0,19.95840000000021,19.958400000005497,0.0,0.0,0.0,0.0,0.0,0.0,0.0,5.779287068062572e-13
6.0,1.0,1.0,10.0,0.0,0.0,0.0,19.95840000000021,19.95839999999518,0.0,0.0,0.0,0.0,0.0,0.0,0.0,4.632270385375681e-13
7.0,1.0,1.0,11.0,0.0,0.0,0.0,19.95840000000021,19.958399999994754,0.0,0.0,0.0,0.0,0.0,0.0,0.0,3.8558814899541915e-13
8.0,1.0,1.0,12.0,0.0,0.0,0.0,19.95840000000021,19.958400000009647,0.0,0.0,0.0,0.0,0.0,0.0,0.0,3.3061804580865023e-13
9.0,1.0,1.0,13.0,0.0,0.0,0.0,19.95840000000021,19.958400000001063,0.0,0.0,0.0,0.0,0.0,0.0,0.0,2.890225847016109e-13
10.0,1.0,1.0,14.0,0.0,0.0,0.0,19.95839999999137,19.958400000002825,0.0,0.0,0.0,0.0,0.0,0.0,0.0,2.4811738114522227e-13
11.0,1.0,1.0,15.0,0.0,0.0,0.0,19.95839999999953,19.958399999984067,0.0,0.0,0.0,0.0,0.0,0.0,0.0,2.1688816045648286e-13
12.0,1.0,1.0,16.0,0.0,0.0,0.0,19.95839999999953,19.958400000006918,0.0,0.0,0.0,0.0,0.0,0.0,0.0,1.8596212246388652e-13
13.0,1.0,1.0,17.0,0.0,0.0,0.0,19.95839999999953,19.958400000003337,0.0,0.0,0.0,0.0,0.0,0.0,0.0,1.7055444036626749e-13
