iD,Year,Month,Day,Hour,Minute,Second,ΔPrGross[mm],ΔPrSoil[mm],ΔPet[mm],ΔSink[mm],ΔTranspiration[mm],ΔEvaporation[mm],ΔRecharge[mm],Hpond[mm],ΔRunoff[mm],∑WaterBalance_η[mm]
1.0,1.0,1.0,5.0,0.0,0.0,0.0,0.0,0.0,0.0,0.0,0.0,0.0,0.0,0.0,0.0,4.26450060312937e-15
2.0,1.0,1.0,6.0,0.0,0.0,0.0,19.958400000000907,19.958400000000154,0.0,0.0,0.0,0.0,0.0,0.0,0.0,4.7356961814016226e-14
3.0,1.0,1.0,7.0,0.0,0.0,0.0,19.95839999999781,19.958399999997397,0.0,0.0,0.0,0.0,0.0,0.0,0.0,3.6398281384395265e-13
4.0,1.0,1.0,8.0,0.0,0.0,0.0,19.958400000000168,19.95839999999977,0.0,0.0,0.0,0.0,0.0,0.0,0.0,7.368139810965794e-13
5.0,1.0,1.0,9.0,0.0,0.0,0.0,19.95840000000021,19.958400000002996,0.0,0.0,0.0,0.0,0.0,0.0,0.0,5.540064433664765e-13
6.0,1.0,1.0,10.0,0.0,0.0,0.0,19.95840000000021,19.958399999998278,0.0,0.0,0.0,0.0,0.0,0.0,0.0,4.441328734921818e-13
7.0,1.0,1.0,11.0,0.0,0.0,0.0,19.95840000000021,19.95839999999572,0.0,0.0,0.0,0.0,0.0,0.0,0.0,3.7034305091865713e-13
8.0,1.0,1.0,12.0,0.0,0.0,0.0,19.95840000000021,19.95840000000095,0.0,0.0,0.0,0.0,0.0,0.0,0.0,3.177493266267889e-13
9.0,1.0,1.0,13.0,0.0,0.0,0.0,19.95840000000021,19.958400000005582,0.0,0.0,0.0,0.0,0.0,0.0,0.0,2.778071432474974e-13
10.0,1.0,1.0,14.0,0.0,0.0,0.0,19.95839999999137,19.958400000011665,0.0,0.0,0.0,0.0,0.0,0.0,0.0,2.3614924051917104e-13
11.0,1.0,1.0,15.0,0.0,0.0,0.0,19.95839999999953,19.9583999999752,0.0,0.0,0.0,0.0,0.0,0.0,0.0,1.9651833073332332e-13
12.0,1.0,1.0,16.0,0.0,0.0,0.0,19.95839999999953,19.958400000000097,0.0,0.0,0.0,0.0,0.0,0.0,0.0,1.7818091458158964e-13
13.0,1.0,1.0,17.0,0.0,0.0,0.0,19.95839999999953,19.958399999985375,0.0,0.0,0.0,0.0,0.0,0.0,0.0,1.6342381437453496e-13
