Year,Month,Z100.0mm_mean,Z200.0mm_mean,Z300.0mm_mean,Z400.0mm_mean,ΔPrThroughfall_sum,ΔQ_sum,ΔSink_sum,ΔRunoff_sum
1,1,0.5083185329539622,0.5574214876035206,0.6178199122367071,0.6864001959741051,239.50080000000003,0.0,0.0,0.0
