Year,Month,Z100.0mm_mean,Z200.0mm_mean,Z300.0mm_mean,Z400.0mm_mean,ΔPrThroughfall_sum,ΔQ_sum,ΔSink_sum,ΔRunoff_sum
1,1,0.18604458306115018,0.20401626446288854,0.22612208787863478,0.2512224717265224,239.50080000000003,0.0,0.0,0.0
