Year,Month,Z100.0mm_mean,Z200.0mm_mean,Z300.0mm_mean,Z400.0mm_mean,ΔPrThroughfall_sum,ΔQ_sum,ΔSink_sum,ΔRunoff_sum
1,1,0.18604434501923248,0.20401603496643522,0.226121983422414,0.25122250273879926,239.50080000011994,0.0,0.0,0.0
