MonthlyCombine,Z100.0mm_mean,Z200.0mm_mean,Z300.0mm_mean,Z400.0mm_mean,ΔPrThroughfall_sum,ΔQ_sum,ΔSink_sum,ΔRunoff_sum,Year,Month
1_Month_1_3,0.5083185565586557,0.5574215135261473,0.6178199665908549,0.6864002731006386,239.5007999999732,0.0,0.0,0.0,1,1
