Year,Month,Z100.0mm_mean,Z200.0mm_mean,Z300.0mm_mean,Z400.0mm_mean,ΔPrThroughfall_sum,ΔQ_sum,ΔSink_sum,ΔRunoff_sum
1,1,0.5083178825662089,0.5574208605640306,0.6178196268371968,0.6864002807071018,239.50080000011994,0.0,0.0,0.0
