WaterYear,ΔPr_sum,ΔQ_sum,ΔSink_sum
0,70.91350900720583,3.76167515567868,0.0
