WaterYear,ΔPrThroughfall_sum,ΔQ_sum,ΔSink_sum
0,70.89748751483893,3.775758392441552,0.0
