WaterYear,ΔPrThroughfall_sum,ΔQ_sum,ΔSink_sum
0,70.88894425888112,3.7943209202405717,0.0
