Year,Month,Z100.0mm_mean,Z200.0mm_mean,Z300.0mm_mean,Z400.0mm_mean,ΔPrThroughfall_sum,ΔQ_sum,ΔSink_sum,ΔRunoff_sum
1,1,0.21141324650292642,0.2095761254743085,0.20656770401966162,0.20153493228361108,70.88894425888112,3.7943209202405717,0.0,0.0
