WaterYear,ΔPrThroughfall_sum,ΔQ_sum,ΔSink_sum
0,70.91350947675784,3.7616704505843748,0.0
