Year,Month,Z100.0mm_mean,Z200.0mm_mean,Z300.0mm_mean,Z400.0mm_mean,ΔPrThroughfall_sum,ΔQ_sum,ΔSink_sum,ΔRunoff_sum
1,1,0.2114117432962074,0.2095702891200413,0.20655471519256405,0.2015100229472808,70.89748751483893,3.775758392441552,0.0,0.0
