Year,Month,Z100.0mm_mean,Z200.0mm_mean,Z300.0mm_mean,Z400.0mm_mean,ΔPrThroughfall_sum,ΔQ_sum,ΔSink_sum,ΔRunoff_sum
1,1,0.5744925176709957,0.5695003409627947,0.5613252826621239,0.5476492725098129,70.88894425888112,3.7943209202405717,0.0,0.0
